name,organization,homepage,logo,twitter,crunchbase_url,funding,member,relation,tag,license,headquarters,description,crunchbase_description,crunchbase_homepage,crunchbase_city,crunchbase_region,crunchbase_country,crunchbase_twitter,crunchbase_linkedin,crunchbase_ticker,crunchbase_kind,crunchbase_min_employees,crunchbase_max_employees,category,subcategory,oss,github_repo,github_stars,github_description,github_latest_commit_date,github_latest_commit_link,github_latest_release_date,github_latest_release_link,github_start_commit_date,github_start_commit_link,github_contributors_count,github_contributors_link,accepted,incubation,graduated,dev_stats_url,artwork_url,blog_url,mailing_list_url,slack_url,youtube_url,chat_channel,last_audit_date,last_audit_url
Gatling,,https://gatling.io/,logos/b66153d2298a0d6281e0a27b2ac300de23027ba4a566d620f37a45a879b44ff4.svg,,,,,graduated,,,,"Gatling is an open-source load testing framework based on Scala, Akka and Netty.",,,,,,,,,,,,Continous Automation,Testing automation,,,,,,,,,,,,,,,,,,,,,,,,
Item 1,,https://cncf.io,logos/0b22fe6553ffd6c927de0a316a0b01cde01e4c3932170c13bfebb45153f0cdb8.svg,,,,,graduated,,,,This is the description of item 1,,,,,,,,,,,,CI & Pipeline Orchestration,Pipeline Orchestration,,,,,,,,,,,,,,,,,,,,,,,,
Item 1,,https://cncf.io,logos/0b22fe6553ffd6c927de0a316a0b01cde01e4c3932170c13bfebb45153f0cdb8.svg,,,,,graduated,,,,This is the description of item 1,,,,,,,,,,,,CI & Pipeline Orchestration,Continous Integration,,,,,,,,,,,,,,,,,,,,,,,,
Item 1,,https://cncf.io,logos/0b22fe6553ffd6c927de0a316a0b01cde01e4c3932170c13bfebb45153f0cdb8.svg,,,,,graduated,,,,This is the description of item 1,,,,,,,,,,,,Config & Library Management,Subcategory 1-1,,,,,,,,,,,,,,,,,,,,,,,,
Item 1,,https://cncf.io,logos/0b22fe6553ffd6c927de0a316a0b01cde01e4c3932170c13bfebb45153f0cdb8.svg,,,,,graduated,,,,This is the description of item 1,,,,,,,,,,,,Infrastructure Provisioning,Subcategory 1-1,,,,,,,,,,,,,,,,,,,,,,,,
Item 1,,https://cncf.io,logos/0b22fe6553ffd6c927de0a316a0b01cde01e4c3932170c13bfebb45153f0cdb8.svg,,,,,graduated,,,,This is the description of item 1,,,,,,,,,,,,Container registry & build,Subcategory 1-1,,,,,,,,,,,,,,,,,,,,,,,,
Item 1,,https://cncf.io,logos/0b22fe6553ffd6c927de0a316a0b01cde01e4c3932170c13bfebb45153f0cdb8.svg,,,,,graduated,,,,This is the description of item 1,,,,,,,,,,,,DevSecOps,Subcategory 1-1,,,,,,,,,,,,,,,,,,,,,,,,
Item 1,,https://cncf.io,logos/0b22fe6553ffd6c927de0a316a0b01cde01e4c3932170c13bfebb45153f0cdb8.svg,,,,,graduated,,,,This is the description of item 1,,,,,,,,,,,,Observability & Analysis,Subcategory 1-1,,,,,,,,,,,,,,,,,,,,,,,,
JUnit,,https://junit.org/junit5/,logos/4908c79ea14fa648229221d101f2497dac23ae6c851adb22535aecf4620f3b10.svg,,,,,graduated,,,,JUnit is a simple framework to write repeatable tests. It is an instance of the xUnit architecture for unit testing frameworks.,,,,,,,,,,,,Continous Automation,Testing automation,,,,,,,,,,,,,,,,,,,,,,,,
K6,,https://k6.io/,logos/491c301684d014bb3959f6b955b297b51e7edeb11b8ae883c1b2e3dff1b13e42.svg,,,,,incubating,,,,"K6 is a developer-centric, open source load testing tool for testing the performance of your backend infrastructure. Itâ€™s built with Go and JavaScript to integrate well into your development workflow.",,,,,,,,,,,,Continous Automation,Testing automation,,,,,,,,,,,,,,,,,,,,,,,,
Selenium,,https://www.selenium.dev/,logos/dcda198870646e4ec57ace661c4a52f48d81c03bfebaafd5622e7e2a86d2e449.svg,,,,,graduated,,,,Selenium is a portable framework for testing web applications. Selenium provides a playback tool for authoring functional tests without the need to learn a test scripting language.,,,,,,,,,,,,Continous Automation,Testing automation,,,,,,,,,,,,,,,,,,,,,,,,
